hour,window_hour,demand_mw,name,fuel,dispatch_mw,varcost_usd_per_mwh,emissions_kg_co2
6313,1,723.309177,H Power GEN1,Municipal solid waste,58.0,10.0,39187.561263999996
6313,1,723.309177,H Power GEN2,Municipal solid waste,28.0,10.0,18918.133024
6313,1,723.309177,Kalaeloa combined cycle,LSFO,220.0,96.054293,148108.81162
6313,1,723.309177,Kahe K1,LSFO,31.16,126.396861,27664.26108812
6313,1,723.309177,Kahe K2,LSFO,31.24,126.396861,27735.28614868
6313,1,723.309177,Kahe K3,LSFO,32.84,126.396861,29155.787359880003
6313,1,723.309177,Kahe K4,LSFO,34.88,126.396861,30966.926404160004
6313,1,723.309177,Kahe K5,LSFO,94.02917699999989,126.396861,83480.3498853994
6313,1,723.309177,Kahe K6,LSFO,51.48,126.396861,45704.626470359995
6313,1,723.309177,Waiau W3,LSFO,18.88,134.48258,17878.352676479997
6313,1,723.309177,Waiau W4,LSFO,19.08,134.48258,18067.742005679997
6313,1,723.309177,Waiau W5,LSFO,20.76,134.48258,19658.61237096
6313,1,723.309177,Waiau W6,LSFO,20.72,134.48258,19620.73450512
6313,1,723.309177,Waiau W7,LSFO,31.12,134.48258,29468.97962352
6313,1,723.309177,Waiau W8,LSFO,31.12,134.48258,29468.97962352
6313,1,723.309177,Schofield Generating Station S1,ULSD_SGS,0.0,147.332413,0.0
6313,1,723.309177,Schofield Generating Station S2,ULSD_SGS,0.0,147.332413,0.0
6313,1,723.309177,Schofield Generating Station S3,ULSD_SGS,0.0,147.332413,0.0
6313,1,723.309177,Schofield Generating Station S4,ULSD_SGS,0.0,147.332413,0.0
6313,1,723.309177,Schofield Generating Station S5,ULSD_SGS,0.0,147.332413,0.0
6313,1,723.309177,Schofield Generating Station S6,ULSD_SGS,0.0,147.332413,0.0
6313,1,723.309177,Waiau W10,Diesel,0.0,222.342737,0.0
6313,1,723.309177,Waiau W9,Diesel,0.0,222.342737,0.0
6313,1,723.309177,Campbell Industrial Park CIP1,ULSD_CIP,0.0,237.972266,0.0
6314,2,684.980131,H Power GEN1,Municipal solid waste,58.0,10.0,39187.561263999996
6314,2,684.980131,H Power GEN2,Municipal solid waste,28.0,10.0,18918.133024
6314,2,684.980131,Kalaeloa combined cycle,LSFO,220.0,96.054293,148108.81162
6314,2,684.980131,Kahe K1,LSFO,31.16,126.396861,27664.26108812
6314,2,684.980131,Kahe K2,LSFO,31.24,126.396861,27735.28614868
6314,2,684.980131,Kahe K3,LSFO,32.94095400000008,126.396861,29245.415659427254
6314,2,684.980131,Kahe K4,LSFO,34.88,126.396861,30966.926404160004
6314,2,684.980131,Kahe K5,LSFO,55.59917699999989,126.396861,49361.686418889396
6314,2,684.980131,Kahe K6,LSFO,51.48,126.396861,45704.626470359995
6314,2,684.980131,Waiau W3,LSFO,18.88,134.48258,17878.352676479997
6314,2,684.980131,Waiau W4,LSFO,19.08,134.48258,18067.742005679997
6314,2,684.980131,Waiau W5,LSFO,20.76,134.48258,19658.61237096
6314,2,684.980131,Waiau W6,LSFO,20.72,134.48258,19620.73450512
6314,2,684.980131,Waiau W7,LSFO,31.12,134.48258,29468.97962352
6314,2,684.980131,Waiau W8,LSFO,31.12,134.48258,29468.97962352
6314,2,684.980131,Schofield Generating Station S1,ULSD_SGS,0.0,147.332413,0.0
6314,2,684.980131,Schofield Generating Station S2,ULSD_SGS,0.0,147.332413,0.0
6314,2,684.980131,Schofield Generating Station S3,ULSD_SGS,0.0,147.332413,0.0
6314,2,684.980131,Schofield Generating Station S4,ULSD_SGS,0.0,147.332413,0.0
6314,2,684.980131,Schofield Generating Station S5,ULSD_SGS,0.0,147.332413,0.0
6314,2,684.980131,Schofield Generating Station S6,ULSD_SGS,0.0,147.332413,0.0
6314,2,684.980131,Waiau W10,Diesel,0.0,222.342737,0.0
6314,2,684.980131,Waiau W9,Diesel,0.0,222.342737,0.0
6314,2,684.980131,Campbell Industrial Park CIP1,ULSD_CIP,0.0,237.972266,0.0
6315,3,653.24081,H Power GEN1,Municipal solid waste,58.0,10.0,39187.561263999996
6315,3,653.24081,H Power GEN2,Municipal solid waste,28.0,10.0,18918.133024
6315,3,653.24081,Kalaeloa combined cycle,LSFO,192.72081000000003,96.054293,129743.86428883552
6315,3,653.24081,Kahe K1,LSFO,31.16,126.396861,27664.26108812
6315,3,653.24081,Kahe K2,LSFO,31.24,126.396861,27735.28614868
6315,3,653.24081,Kahe K3,LSFO,32.84,126.396861,29155.787359880003
6315,3,653.24081,Kahe K4,LSFO,34.88,126.396861,30966.926404160004
6315,3,653.24081,Kahe K5,LSFO,51.24,126.396861,45491.551288680006
6315,3,653.24081,Kahe K6,LSFO,51.48,126.396861,45704.626470359995
6315,3,653.24081,Waiau W3,LSFO,18.88,134.48258,17878.352676479997
6315,3,653.24081,Waiau W4,LSFO,19.08,134.48258,18067.742005679997
6315,3,653.24081,Waiau W5,LSFO,20.76,134.48258,19658.61237096
6315,3,653.24081,Waiau W6,LSFO,20.72,134.48258,19620.73450512
6315,3,653.24081,Waiau W7,LSFO,31.12,134.48258,29468.97962352
6315,3,653.24081,Waiau W8,LSFO,31.12,134.48258,29468.97962352
6315,3,653.24081,Schofield Generating Station S1,ULSD_SGS,0.0,147.332413,0.0
6315,3,653.24081,Schofield Generating Station S2,ULSD_SGS,0.0,147.332413,0.0
6315,3,653.24081,Schofield Generating Station S3,ULSD_SGS,0.0,147.332413,0.0
6315,3,653.24081,Schofield Generating Station S4,ULSD_SGS,0.0,147.332413,0.0
6315,3,653.24081,Schofield Generating Station S5,ULSD_SGS,0.0,147.332413,0.0
6315,3,653.24081,Schofield Generating Station S6,ULSD_SGS,0.0,147.332413,0.0
6315,3,653.24081,Waiau W10,Diesel,0.0,222.342737,0.0
6315,3,653.24081,Waiau W9,Diesel,0.0,222.342737,0.0
6315,3,653.24081,Campbell Industrial Park CIP1,ULSD_CIP,0.0,237.972266,0.0
6316,4,643.406972,H Power GEN1,Municipal solid waste,58.0,10.0,39187.561263999996
6316,4,643.406972,H Power GEN2,Municipal solid waste,28.0,10.0,18918.133024
6316,4,643.406972,Kalaeloa combined cycle,LSFO,182.88697200000001,96.054293,123123.50947136461
6316,4,643.406972,Kahe K1,LSFO,31.16,126.396861,27664.26108812
6316,4,643.406972,Kahe K2,LSFO,31.24,126.396861,27735.28614868
6316,4,643.406972,Kahe K3,LSFO,32.84,126.396861,29155.787359880003
6316,4,643.406972,Kahe K4,LSFO,34.88,126.396861,30966.926404160004
6316,4,643.406972,Kahe K5,LSFO,51.24,126.396861,45491.551288680006
6316,4,643.406972,Kahe K6,LSFO,51.48,126.396861,45704.626470359995
6316,4,643.406972,Waiau W3,LSFO,18.88,134.48258,17878.352676479997
6316,4,643.406972,Waiau W4,LSFO,19.08,134.48258,18067.742005679997
6316,4,643.406972,Waiau W5,LSFO,20.76,134.48258,19658.61237096
6316,4,643.406972,Waiau W6,LSFO,20.72,134.48258,19620.73450512
6316,4,643.406972,Waiau W7,LSFO,31.12,134.48258,29468.97962352
6316,4,643.406972,Waiau W8,LSFO,31.12,134.48258,29468.97962352
6316,4,643.406972,Schofield Generating Station S1,ULSD_SGS,0.0,147.332413,0.0
6316,4,643.406972,Schofield Generating Station S2,ULSD_SGS,0.0,147.332413,0.0
6316,4,643.406972,Schofield Generating Station S3,ULSD_SGS,0.0,147.332413,0.0
6316,4,643.406972,Schofield Generating Station S4,ULSD_SGS,0.0,147.332413,0.0
6316,4,643.406972,Schofield Generating Station S5,ULSD_SGS,0.0,147.332413,0.0
6316,4,643.406972,Schofield Generating Station S6,ULSD_SGS,0.0,147.332413,0.0
6316,4,643.406972,Waiau W10,Diesel,0.0,222.342737,0.0
6316,4,643.406972,Waiau W9,Diesel,0.0,222.342737,0.0
6316,4,643.406972,Campbell Industrial Park CIP1,ULSD_CIP,0.0,237.972266,0.0
6317,5,675.257628,H Power GEN1,Municipal solid waste,58.0,10.0,39187.561263999996
6317,5,675.257628,H Power GEN2,Municipal solid waste,28.0,10.0,18918.133024
6317,5,675.257628,Kalaeloa combined cycle,LSFO,214.73762799999997,96.054293,144566.06769626198
6317,5,675.257628,Kahe K1,LSFO,31.16,126.396861,27664.26108812
6317,5,675.257628,Kahe K2,LSFO,31.24,126.396861,27735.28614868
6317,5,675.257628,Kahe K3,LSFO,32.84,126.396861,29155.787359880003
6317,5,675.257628,Kahe K4,LSFO,34.88,126.396861,30966.926404160004
6317,5,675.257628,Kahe K5,LSFO,51.24,126.396861,45491.551288680006
6317,5,675.257628,Kahe K6,LSFO,51.48,126.396861,45704.626470359995
6317,5,675.257628,Waiau W3,LSFO,18.88,134.48258,17878.352676479997
6317,5,675.257628,Waiau W4,LSFO,19.08,134.48258,18067.742005679997
6317,5,675.257628,Waiau W5,LSFO,20.76,134.48258,19658.61237096
6317,5,675.257628,Waiau W6,LSFO,20.72,134.48258,19620.73450512
6317,5,675.257628,Waiau W7,LSFO,31.12,134.48258,29468.97962352
6317,5,675.257628,Waiau W8,LSFO,31.12,134.48258,29468.97962352
6317,5,675.257628,Schofield Generating Station S1,ULSD_SGS,0.0,147.332413,0.0
6317,5,675.257628,Schofield Generating Station S2,ULSD_SGS,0.0,147.332413,0.0
6317,5,675.257628,Schofield Generating Station S3,ULSD_SGS,0.0,147.332413,0.0
6317,5,675.257628,Schofield Generating Station S4,ULSD_SGS,0.0,147.332413,0.0
6317,5,675.257628,Schofield Generating Station S5,ULSD_SGS,0.0,147.332413,0.0
6317,5,675.257628,Schofield Generating Station S6,ULSD_SGS,0.0,147.332413,0.0
6317,5,675.257628,Waiau W10,Diesel,0.0,222.342737,0.0
6317,5,675.257628,Waiau W9,Diesel,0.0,222.342737,0.0
6317,5,675.257628,Campbell Industrial Park CIP1,ULSD_CIP,0.0,237.972266,0.0
6318,6,741.473499,H Power GEN1,Municipal solid waste,58.0,10.0,39187.561263999996
6318,6,741.473499,H Power GEN2,Municipal solid waste,28.0,10.0,18918.133024
6318,6,741.473499,Kalaeloa combined cycle,LSFO,220.0,96.054293,148108.81162
6318,6,741.473499,Kahe K1,LSFO,31.16,126.396861,27664.26108812
6318,6,741.473499,Kahe K2,LSFO,31.240000000000002,126.396861,27735.286148680003
6318,6,741.473499,Kahe K3,LSFO,32.84,126.396861,29155.787359880003
6318,6,741.473499,Kahe K4,LSFO,59.8702450000001,126.396861,53153.59721083805
6318,6,741.473499,Kahe K5,LSFO,51.24,126.396861,45491.551288680006
6318,6,741.473499,Kahe K6,LSFO,87.44325399999988,126.396861,77633.28013641818
6318,6,741.473499,Waiau W3,LSFO,18.88,134.48258,17878.352676479997
6318,6,741.473499,Waiau W4,LSFO,19.08,134.48258,18067.742005679997
6318,6,741.473499,Waiau W5,LSFO,20.76,134.48258,19658.61237096
6318,6,741.473499,Waiau W6,LSFO,20.72,134.48258,19620.73450512
6318,6,741.473499,Waiau W7,LSFO,31.12,134.48258,29468.97962352
6318,6,741.473499,Waiau W8,LSFO,31.12,134.48258,29468.97962352
6318,6,741.473499,Schofield Generating Station S1,ULSD_SGS,0.0,147.332413,0.0
6318,6,741.473499,Schofield Generating Station S2,ULSD_SGS,0.0,147.332413,0.0
6318,6,741.473499,Schofield Generating Station S3,ULSD_SGS,0.0,147.332413,0.0
6318,6,741.473499,Schofield Generating Station S4,ULSD_SGS,0.0,147.332413,0.0
6318,6,741.473499,Schofield Generating Station S5,ULSD_SGS,0.0,147.332413,0.0
6318,6,741.473499,Schofield Generating Station S6,ULSD_SGS,0.0,147.332413,0.0
6318,6,741.473499,Waiau W10,Diesel,0.0,222.342737,0.0
6318,6,741.473499,Waiau W9,Diesel,0.0,222.342737,0.0
6318,6,741.473499,Campbell Industrial Park CIP1,ULSD_CIP,0.0,237.972266,0.0
6319,7,830.005158,H Power GEN1,Municipal solid waste,58.0,10.0,39187.561263999996
6319,7,830.005158,H Power GEN2,Municipal solid waste,28.0,10.0,18918.133024
6319,7,830.005158,Kalaeloa combined cycle,LSFO,220.0,96.054293,148108.81162
6319,7,830.005158,Kahe K1,LSFO,54.53,126.396861,48412.456904210005
6319,7,830.005158,Kahe K2,LSFO,54.67,126.396861,48536.75076019
6319,7,830.005158,Kahe K3,LSFO,32.84,126.396861,29155.787359880003
6319,7,830.005158,Kahe K4,LSFO,86.0302450000001,126.396861,76378.79201395805
6319,7,830.005158,Kahe K5,LSFO,72.84856499999998,126.396861,64675.92176042619
6319,7,830.005158,Kahe K6,LSFO,81.40634800000001,126.396861,72273.63495835544
6319,7,830.005158,Waiau W3,LSFO,18.88,134.48258,17878.352676479997
6319,7,830.005158,Waiau W4,LSFO,19.08,134.48258,18067.742005679997
6319,7,830.005158,Waiau W5,LSFO,20.76,134.48258,19658.61237096
6319,7,830.005158,Waiau W6,LSFO,20.72,134.48258,19620.73450512
6319,7,830.005158,Waiau W7,LSFO,31.12,134.48258,29468.97962352
6319,7,830.005158,Waiau W8,LSFO,31.12,134.48258,29468.97962352
6319,7,830.005158,Schofield Generating Station S1,ULSD_SGS,0.0,147.332413,0.0
6319,7,830.005158,Schofield Generating Station S2,ULSD_SGS,0.0,147.332413,0.0
6319,7,830.005158,Schofield Generating Station S3,ULSD_SGS,0.0,147.332413,0.0
6319,7,830.005158,Schofield Generating Station S4,ULSD_SGS,0.0,147.332413,0.0
6319,7,830.005158,Schofield Generating Station S5,ULSD_SGS,0.0,147.332413,0.0
6319,7,830.005158,Schofield Generating Station S6,ULSD_SGS,0.0,147.332413,0.0
6319,7,830.005158,Waiau W10,Diesel,0.0,222.342737,0.0
6319,7,830.005158,Waiau W9,Diesel,0.0,222.342737,0.0
6319,7,830.005158,Campbell Industrial Park CIP1,ULSD_CIP,0.0,237.972266,0.0
6320,8,836.91881,H Power GEN1,Municipal solid waste,58.0,10.0,39187.561263999996
6320,8,836.91881,H Power GEN2,Municipal solid waste,28.0,10.0,18918.133024
6320,8,836.91881,Kalaeloa combined cycle,LSFO,220.0,96.054293,148108.81162
6320,8,836.91881,Kahe K1,LSFO,77.9,126.396861,69160.6527203
6320,8,836.91881,Kahe K2,LSFO,31.24,126.396861,27735.28614868
6320,8,836.91881,Kahe K3,LSFO,57.47,126.396861,51022.62787979
6320,8,836.91881,Kahe K4,LSFO,59.8702450000001,126.396861,53153.59721083805
6320,8,836.91881,Kahe K5,LSFO,111.27856499999999,126.396861,98794.5852269362
6320,8,836.91881,Kahe K6,LSFO,51.480000000000004,126.396861,45704.62647036
6320,8,836.91881,Waiau W3,LSFO,18.88,134.48258,17878.352676479997
6320,8,836.91881,Waiau W4,LSFO,19.08,134.48258,18067.742005679997
6320,8,836.91881,Waiau W5,LSFO,20.76,134.48258,19658.61237096
6320,8,836.91881,Waiau W6,LSFO,20.72,134.48258,19620.73450512
6320,8,836.91881,Waiau W7,LSFO,31.12,134.48258,29468.97962352
6320,8,836.91881,Waiau W8,LSFO,31.12,134.48258,29468.97962352
6320,8,836.91881,Schofield Generating Station S1,ULSD_SGS,0.0,147.332413,0.0
6320,8,836.91881,Schofield Generating Station S2,ULSD_SGS,0.0,147.332413,0.0
6320,8,836.91881,Schofield Generating Station S3,ULSD_SGS,0.0,147.332413,0.0
6320,8,836.91881,Schofield Generating Station S4,ULSD_SGS,0.0,147.332413,0.0
6320,8,836.91881,Schofield Generating Station S5,ULSD_SGS,0.0,147.332413,0.0
6320,8,836.91881,Schofield Generating Station S6,ULSD_SGS,0.0,147.332413,0.0
6320,8,836.91881,Waiau W10,Diesel,0.0,222.342737,0.0
6320,8,836.91881,Waiau W9,Diesel,0.0,222.342737,0.0
6320,8,836.91881,Campbell Industrial Park CIP1,ULSD_CIP,0.0,237.972266,0.0
6321,9,810.908565,H Power GEN1,Municipal solid waste,58.0,10.0,39187.561263999996
6321,9,810.908565,H Power GEN2,Municipal solid waste,28.0,10.0,18918.133024
6321,9,810.908565,Kalaeloa combined cycle,LSFO,220.0,96.054293,148108.81162
6321,9,810.908565,Kahe K1,LSFO,77.9,126.396861,69160.6527203
6321,9,810.908565,Kahe K2,LSFO,54.67,126.396861,48536.75076019
6321,9,810.908565,Kahe K3,LSFO,32.84,126.396861,29155.787359880003
6321,9,810.908565,Kahe K4,LSFO,34.88,126.396861,30966.926404160004
6321,9,810.908565,Kahe K5,LSFO,72.84856499999998,126.396861,64675.92176042619
6321,9,810.908565,Kahe K6,LSFO,90.09,126.396861,79983.09632313001
6321,9,810.908565,Waiau W3,LSFO,18.88,134.48258,17878.352676479997
6321,9,810.908565,Waiau W4,LSFO,19.08,134.48258,18067.742005679997
6321,9,810.908565,Waiau W5,LSFO,20.76,134.48258,19658.61237096
6321,9,810.908565,Waiau W6,LSFO,20.72,134.48258,19620.73450512
6321,9,810.908565,Waiau W7,LSFO,31.12,134.48258,29468.97962352
6321,9,810.908565,Waiau W8,LSFO,31.12,134.48258,29468.97962352
6321,9,810.908565,Schofield Generating Station S1,ULSD_SGS,0.0,147.332413,0.0
6321,9,810.908565,Schofield Generating Station S2,ULSD_SGS,0.0,147.332413,0.0
6321,9,810.908565,Schofield Generating Station S3,ULSD_SGS,0.0,147.332413,0.0
6321,9,810.908565,Schofield Generating Station S4,ULSD_SGS,0.0,147.332413,0.0
6321,9,810.908565,Schofield Generating Station S5,ULSD_SGS,0.0,147.332413,0.0
6321,9,810.908565,Schofield Generating Station S6,ULSD_SGS,0.0,147.332413,0.0
6321,9,810.908565,Waiau W10,Diesel,0.0,222.342737,0.0
6321,9,810.908565,Waiau W9,Diesel,0.0,222.342737,0.0
6321,9,810.908565,Campbell Industrial Park CIP1,ULSD_CIP,0.0,237.972266,0.0
6322,10,781.4775,H Power GEN1,Municipal solid waste,58.0,10.0,39187.561263999996
6322,10,781.4775,H Power GEN2,Municipal solid waste,28.0,10.0,18918.133024
6322,10,781.4775,Kalaeloa combined cycle,LSFO,220.0,96.054293,148108.81162
6322,10,781.4775,Kahe K1,LSFO,54.53,126.396861,48412.456904210005
6322,10,781.4775,Kahe K2,LSFO,78.1,126.396861,69338.2153717
6322,10,781.4775,Kahe K3,LSFO,57.47,126.396861,51022.62787979
6322,10,781.4775,Kahe K4,LSFO,40.370090000000204,126.396861,35841.101088283314
6322,10,781.4775,Kahe K5,LSFO,51.84740999999977,126.396861,46030.81793911417
6322,10,781.4775,Kahe K6,LSFO,51.48,126.396861,45704.626470359995
6322,10,781.4775,Waiau W3,LSFO,18.88,134.48258,17878.352676479997
6322,10,781.4775,Waiau W4,LSFO,19.08,134.48258,18067.742005679997
6322,10,781.4775,Waiau W5,LSFO,20.76,134.48258,19658.61237096
6322,10,781.4775,Waiau W6,LSFO,20.72,134.48258,19620.73450512
6322,10,781.4775,Waiau W7,LSFO,31.12,134.48258,29468.97962352
6322,10,781.4775,Waiau W8,LSFO,31.12,134.48258,29468.97962352
6322,10,781.4775,Schofield Generating Station S1,ULSD_SGS,0.0,147.332413,0.0
6322,10,781.4775,Schofield Generating Station S2,ULSD_SGS,0.0,147.332413,0.0
6322,10,781.4775,Schofield Generating Station S3,ULSD_SGS,0.0,147.332413,0.0
6322,10,781.4775,Schofield Generating Station S4,ULSD_SGS,0.0,147.332413,0.0
6322,10,781.4775,Schofield Generating Station S5,ULSD_SGS,0.0,147.332413,0.0
6322,10,781.4775,Schofield Generating Station S6,ULSD_SGS,0.0,147.332413,0.0
6322,10,781.4775,Waiau W10,Diesel,0.0,222.342737,0.0
6322,10,781.4775,Waiau W9,Diesel,0.0,222.342737,0.0
6322,10,781.4775,Campbell Industrial Park CIP1,ULSD_CIP,0.0,237.972266,0.0
6323,11,743.688155,H Power GEN1,Municipal solid waste,58.0,10.0,39187.561263999996
6323,11,743.688155,H Power GEN2,Municipal solid waste,28.0,10.0,18918.133024
6323,11,743.688155,Kalaeloa combined cycle,LSFO,220.0,96.054293,148108.81162
6323,11,743.688155,Kahe K1,LSFO,39.24806499999984,126.396861,34844.95241859757
6323,11,743.688155,Kahe K2,LSFO,54.67,126.396861,48536.75076019
6323,11,743.688155,Kahe K3,LSFO,32.84,126.396861,29155.787359880003
6323,11,743.688155,Kahe K4,LSFO,66.5300900000002,126.396861,59066.29589140331
6323,11,743.688155,Kahe K5,LSFO,51.24,126.396861,45491.551288680006
6323,11,743.688155,Kahe K6,LSFO,51.48,126.396861,45704.626470359995
6323,11,743.688155,Waiau W3,LSFO,18.88,134.48258,17878.352676479997
6323,11,743.688155,Waiau W4,LSFO,19.08,134.48258,18067.742005679997
6323,11,743.688155,Waiau W5,LSFO,20.76,134.48258,19658.61237096
6323,11,743.688155,Waiau W6,LSFO,20.72,134.48258,19620.73450512
6323,11,743.688155,Waiau W7,LSFO,31.12,134.48258,29468.97962352
6323,11,743.688155,Waiau W8,LSFO,31.12,134.48258,29468.97962352
6323,11,743.688155,Schofield Generating Station S1,ULSD_SGS,0.0,147.332413,0.0
6323,11,743.688155,Schofield Generating Station S2,ULSD_SGS,0.0,147.332413,0.0
6323,11,743.688155,Schofield Generating Station S3,ULSD_SGS,0.0,147.332413,0.0
6323,11,743.688155,Schofield Generating Station S4,ULSD_SGS,0.0,147.332413,0.0
6323,11,743.688155,Schofield Generating Station S5,ULSD_SGS,0.0,147.332413,0.0
6323,11,743.688155,Schofield Generating Station S6,ULSD_SGS,0.0,147.332413,0.0
6323,11,743.688155,Waiau W10,Diesel,0.0,222.342737,0.0
6323,11,743.688155,Waiau W9,Diesel,0.0,222.342737,0.0
6323,11,743.688155,Campbell Industrial Park CIP1,ULSD_CIP,0.0,237.972266,0.0
6324,12,738.138065,H Power GEN1,Municipal solid waste,58.0,10.0,39187.561263999996
6324,12,738.138065,H Power GEN2,Municipal solid waste,28.0,10.0,18918.133024
6324,12,738.138065,Kalaeloa combined cycle,LSFO,220.0,96.054293,148108.81162
6324,12,738.138065,Kahe K1,LSFO,62.618064999999845,126.396861,55593.14823468757
6324,12,738.138065,Kahe K2,LSFO,31.24,126.396861,27735.28614868
6324,12,738.138065,Kahe K3,LSFO,32.84,126.396861,29155.787359880003
6324,12,738.138065,Kahe K4,LSFO,61.040000000000006,126.396861,54192.121207280004
6324,12,738.138065,Kahe K5,LSFO,51.24,126.396861,45491.551288680006
6324,12,738.138065,Kahe K6,LSFO,51.48,126.396861,45704.626470359995
6324,12,738.138065,Waiau W3,LSFO,18.88,134.48258,17878.352676479997
6324,12,738.138065,Waiau W4,LSFO,19.08,134.48258,18067.742005679997
6324,12,738.138065,Waiau W5,LSFO,20.76,134.48258,19658.61237096
6324,12,738.138065,Waiau W6,LSFO,20.72,134.48258,19620.73450512
6324,12,738.138065,Waiau W7,LSFO,31.12,134.48258,29468.97962352
6324,12,738.138065,Waiau W8,LSFO,31.12,134.48258,29468.97962352
6324,12,738.138065,Schofield Generating Station S1,ULSD_SGS,0.0,147.332413,0.0
6324,12,738.138065,Schofield Generating Station S2,ULSD_SGS,0.0,147.332413,0.0
6324,12,738.138065,Schofield Generating Station S3,ULSD_SGS,0.0,147.332413,0.0
6324,12,738.138065,Schofield Generating Station S4,ULSD_SGS,0.0,147.332413,0.0
6324,12,738.138065,Schofield Generating Station S5,ULSD_SGS,0.0,147.332413,0.0
6324,12,738.138065,Schofield Generating Station S6,ULSD_SGS,0.0,147.332413,0.0
6324,12,738.138065,Waiau W10,Diesel,0.0,222.342737,0.0
6324,12,738.138065,Waiau W9,Diesel,0.0,222.342737,0.0
6324,12,738.138065,Campbell Industrial Park CIP1,ULSD_CIP,0.0,237.972266,0.0
6325,13,745.844497,H Power GEN1,Municipal solid waste,58.0,10.0,39187.561263999996
6325,13,745.844497,H Power GEN2,Municipal solid waste,28.0,10.0,18918.133024
6325,13,745.844497,Kalaeloa combined cycle,LSFO,220.0,96.054293,148108.81162
6325,13,745.844497,Kahe K1,LSFO,73.05449699999993,126.396861,64858.75092006667
6325,13,745.844497,Kahe K2,LSFO,54.67,126.396861,48536.75076019
6325,13,745.844497,Kahe K3,LSFO,32.84,126.396861,29155.787359880003
6325,13,745.844497,Kahe K4,LSFO,34.88,126.396861,30966.926404160004
6325,13,745.844497,Kahe K5,LSFO,51.24,126.396861,45491.551288680006
6325,13,745.844497,Kahe K6,LSFO,51.48,126.396861,45704.626470359995
6325,13,745.844497,Waiau W3,LSFO,18.88,134.48258,17878.352676479997
6325,13,745.844497,Waiau W4,LSFO,19.08,134.48258,18067.742005679997
6325,13,745.844497,Waiau W5,LSFO,20.76,134.48258,19658.61237096
6325,13,745.844497,Waiau W6,LSFO,20.72,134.48258,19620.73450512
6325,13,745.844497,Waiau W7,LSFO,31.12,134.48258,29468.97962352
6325,13,745.844497,Waiau W8,LSFO,31.12,134.48258,29468.97962352
6325,13,745.844497,Schofield Generating Station S1,ULSD_SGS,0.0,147.332413,0.0
6325,13,745.844497,Schofield Generating Station S2,ULSD_SGS,0.0,147.332413,0.0
6325,13,745.844497,Schofield Generating Station S3,ULSD_SGS,0.0,147.332413,0.0
6325,13,745.844497,Schofield Generating Station S4,ULSD_SGS,0.0,147.332413,0.0
6325,13,745.844497,Schofield Generating Station S5,ULSD_SGS,0.0,147.332413,0.0
6325,13,745.844497,Schofield Generating Station S6,ULSD_SGS,0.0,147.332413,0.0
6325,13,745.844497,Waiau W10,Diesel,0.0,222.342737,0.0
6325,13,745.844497,Waiau W9,Diesel,0.0,222.342737,0.0
6325,13,745.844497,Campbell Industrial Park CIP1,ULSD_CIP,0.0,237.972266,0.0
6326,14,763.986813,H Power GEN1,Municipal solid waste,58.0,10.0,39187.561263999996
6326,14,763.986813,H Power GEN2,Municipal solid waste,28.0,10.0,18918.133024
6326,14,763.986813,Kalaeloa combined cycle,LSFO,220.0,96.054293,148108.81162
6326,14,763.986813,Kahe K1,LSFO,50.03681299999995,126.396861,44423.3459194299
6326,14,763.986813,Kahe K2,LSFO,31.24,126.396861,27735.28614868
6326,14,763.986813,Kahe K3,LSFO,32.84,126.396861,29155.787359880003
6326,14,763.986813,Kahe K4,LSFO,61.040000000000006,126.396861,54192.121207280004
6326,14,763.986813,Kahe K5,LSFO,89.67,126.396861,79610.21475519
6326,14,763.986813,Kahe K6,LSFO,51.48,126.396861,45704.626470359995
6326,14,763.986813,Waiau W3,LSFO,18.88,134.48258,17878.352676479997
6326,14,763.986813,Waiau W4,LSFO,19.08,134.48258,18067.742005679997
6326,14,763.986813,Waiau W5,LSFO,20.76,134.48258,19658.61237096
6326,14,763.986813,Waiau W6,LSFO,20.72,134.48258,19620.73450512
6326,14,763.986813,Waiau W7,LSFO,31.12,134.48258,29468.97962352
6326,14,763.986813,Waiau W8,LSFO,31.12,134.48258,29468.97962352
6326,14,763.986813,Schofield Generating Station S1,ULSD_SGS,0.0,147.332413,0.0
6326,14,763.986813,Schofield Generating Station S2,ULSD_SGS,0.0,147.332413,0.0
6326,14,763.986813,Schofield Generating Station S3,ULSD_SGS,0.0,147.332413,0.0
6326,14,763.986813,Schofield Generating Station S4,ULSD_SGS,0.0,147.332413,0.0
6326,14,763.986813,Schofield Generating Station S5,ULSD_SGS,0.0,147.332413,0.0
6326,14,763.986813,Schofield Generating Station S6,ULSD_SGS,0.0,147.332413,0.0
6326,14,763.986813,Waiau W10,Diesel,0.0,222.342737,0.0
6326,14,763.986813,Waiau W9,Diesel,0.0,222.342737,0.0
6326,14,763.986813,Campbell Industrial Park CIP1,ULSD_CIP,0.0,237.972266,0.0
6327,15,774.758515,H Power GEN1,Municipal solid waste,58.0,10.0,39187.561263999996
6327,15,774.758515,H Power GEN2,Municipal solid waste,28.0,10.0,18918.133024
6327,15,774.758515,Kalaeloa combined cycle,LSFO,220.0,96.054293,148108.81162
6327,15,774.758515,Kahe K1,LSFO,73.40681299999996,126.396861,65171.5417355199
6327,15,774.758515,Kahe K2,LSFO,31.24,126.396861,27735.28614868
6327,15,774.758515,Kahe K3,LSFO,57.47,126.396861,51022.62787979
6327,15,774.758515,Kahe K4,LSFO,34.88,126.396861,30966.926404160004
6327,15,774.758515,Kahe K5,LSFO,78.60170200000006,126.396861,69783.63305836347
6327,15,774.758515,Kahe K6,LSFO,51.48,126.396861,45704.626470359995
6327,15,774.758515,Waiau W3,LSFO,18.88,134.48258,17878.352676479997
6327,15,774.758515,Waiau W4,LSFO,19.08,134.48258,18067.742005679997
6327,15,774.758515,Waiau W5,LSFO,20.76,134.48258,19658.61237096
6327,15,774.758515,Waiau W6,LSFO,20.72,134.48258,19620.73450512
6327,15,774.758515,Waiau W7,LSFO,31.12,134.48258,29468.97962352
6327,15,774.758515,Waiau W8,LSFO,31.12,134.48258,29468.97962352
6327,15,774.758515,Schofield Generating Station S1,ULSD_SGS,0.0,147.332413,0.0
6327,15,774.758515,Schofield Generating Station S2,ULSD_SGS,0.0,147.332413,0.0
6327,15,774.758515,Schofield Generating Station S3,ULSD_SGS,0.0,147.332413,0.0
6327,15,774.758515,Schofield Generating Station S4,ULSD_SGS,0.0,147.332413,0.0
6327,15,774.758515,Schofield Generating Station S5,ULSD_SGS,0.0,147.332413,0.0
6327,15,774.758515,Schofield Generating Station S6,ULSD_SGS,0.0,147.332413,0.0
6327,15,774.758515,Waiau W10,Diesel,0.0,222.342737,0.0
6327,15,774.758515,Waiau W9,Diesel,0.0,222.342737,0.0
6327,15,774.758515,Campbell Industrial Park CIP1,ULSD_CIP,0.0,237.972266,0.0
6328,16,851.655838,H Power GEN1,Municipal solid waste,58.0,10.0,39187.561263999996
6328,16,851.655838,H Power GEN2,Municipal solid waste,28.0,10.0,18918.133024
6328,16,851.655838,Kalaeloa combined cycle,LSFO,220.0,96.054293,148108.81162
6328,16,851.655838,Kahe K1,LSFO,77.9,126.396861,69160.6527203
6328,16,851.655838,Kahe K2,LSFO,54.669999999999995,126.396861,48536.75076019
6328,16,851.655838,Kahe K3,LSFO,82.1,126.396861,72889.4683997
6328,16,851.655838,Kahe K4,LSFO,61.040000000000006,126.396861,54192.121207280004
6328,16,851.655838,Kahe K5,LSFO,76.78583799999994,126.396861,68171.48492625431
6328,16,851.655838,Kahe K6,LSFO,51.48,126.396861,45704.626470359995
6328,16,851.655838,Waiau W3,LSFO,18.88,134.48258,17878.352676479997
6328,16,851.655838,Waiau W4,LSFO,19.08,134.48258,18067.742005679997
6328,16,851.655838,Waiau W5,LSFO,20.76,134.48258,19658.61237096
6328,16,851.655838,Waiau W6,LSFO,20.72,134.48258,19620.73450512
6328,16,851.655838,Waiau W7,LSFO,31.12,134.48258,29468.97962352
6328,16,851.655838,Waiau W8,LSFO,31.12,134.48258,29468.97962352
6328,16,851.655838,Schofield Generating Station S1,ULSD_SGS,0.0,147.332413,0.0
6328,16,851.655838,Schofield Generating Station S2,ULSD_SGS,0.0,147.332413,0.0
6328,16,851.655838,Schofield Generating Station S3,ULSD_SGS,0.0,147.332413,0.0
6328,16,851.655838,Schofield Generating Station S4,ULSD_SGS,0.0,147.332413,0.0
6328,16,851.655838,Schofield Generating Station S5,ULSD_SGS,0.0,147.332413,0.0
6328,16,851.655838,Schofield Generating Station S6,ULSD_SGS,0.0,147.332413,0.0
6328,16,851.655838,Waiau W10,Diesel,0.0,222.342737,0.0
6328,16,851.655838,Waiau W9,Diesel,0.0,222.342737,0.0
6328,16,851.655838,Campbell Industrial Park CIP1,ULSD_CIP,0.0,237.972266,0.0
6329,17,957.603277,H Power GEN1,Municipal solid waste,58.0,10.0,39187.561263999996
6329,17,957.603277,H Power GEN2,Municipal solid waste,28.0,10.0,18918.133024
6329,17,957.603277,Kalaeloa combined cycle,LSFO,220.0,96.054293,148108.81162
6329,17,957.603277,Kahe K1,LSFO,77.9,126.396861,69160.6527203
6329,17,957.603277,Kahe K2,LSFO,78.1,126.396861,69338.2153717
6329,17,957.603277,Kahe K3,LSFO,82.1,126.396861,72889.4683997
6329,17,957.603277,Kahe K4,LSFO,66.51743900000002,126.396861,59055.06416588885
6329,17,957.603277,Kahe K5,LSFO,115.21583799999993,126.396861,102290.14839276431
6329,17,957.603277,Kahe K6,LSFO,90.09,126.396861,79983.09632313001
6329,17,957.603277,Waiau W3,LSFO,18.88,134.48258,17878.352676479997
6329,17,957.603277,Waiau W4,LSFO,19.08,134.48258,18067.742005679997
6329,17,957.603277,Waiau W5,LSFO,20.76,134.48258,19658.61237096
6329,17,957.603277,Waiau W6,LSFO,20.72,134.48258,19620.73450512
6329,17,957.603277,Waiau W7,LSFO,31.12,134.48258,29468.97962352
6329,17,957.603277,Waiau W8,LSFO,31.12,134.48258,29468.97962352
6329,17,957.603277,Schofield Generating Station S1,ULSD_SGS,0.0,147.332413,0.0
6329,17,957.603277,Schofield Generating Station S2,ULSD_SGS,0.0,147.332413,0.0
6329,17,957.603277,Schofield Generating Station S3,ULSD_SGS,0.0,147.332413,0.0
6329,17,957.603277,Schofield Generating Station S4,ULSD_SGS,0.0,147.332413,0.0
6329,17,957.603277,Schofield Generating Station S5,ULSD_SGS,0.0,147.332413,0.0
6329,17,957.603277,Schofield Generating Station S6,ULSD_SGS,0.0,147.332413,0.0
6329,17,957.603277,Waiau W10,Diesel,0.0,222.342737,0.0
6329,17,957.603277,Waiau W9,Diesel,0.0,222.342737,0.0
6329,17,957.603277,Campbell Industrial Park CIP1,ULSD_CIP,0.0,237.972266,0.0
6330,18,1039.567129,H Power GEN1,Municipal solid waste,58.0,10.0,39187.561263999996
6330,18,1039.567129,H Power GEN2,Municipal solid waste,28.0,10.0,18918.133024
6330,18,1039.567129,Kalaeloa combined cycle,LSFO,220.0,96.054293,148108.81162
6330,18,1039.567129,Kahe K1,LSFO,77.9,126.396861,69160.6527203
6330,18,1039.567129,Kahe K2,LSFO,78.1,126.396861,69338.2153717
6330,18,1039.567129,Kahe K3,LSFO,82.1,126.396861,72889.4683997
6330,18,1039.567129,Kahe K4,LSFO,87.2,126.396861,77417.3160104
6330,18,1039.567129,Kahe K5,LSFO,128.1,126.396861,113728.8782217
6330,18,1039.567129,Kahe K6,LSFO,128.7,126.396861,114261.56617589999
6330,18,1039.567129,Waiau W3,LSFO,18.88,134.48258,17878.352676479997
6330,18,1039.567129,Waiau W4,LSFO,28.867128999999863,134.48258,27335.630986199205
6330,18,1039.567129,Waiau W5,LSFO,20.76,134.48258,19658.61237096
6330,18,1039.567129,Waiau W6,LSFO,20.72,134.48258,19620.73450512
6330,18,1039.567129,Waiau W7,LSFO,31.12,134.48258,29468.97962352
6330,18,1039.567129,Waiau W8,LSFO,31.12,134.48258,29468.97962352
6330,18,1039.567129,Schofield Generating Station S1,ULSD_SGS,0.0,147.332413,0.0
6330,18,1039.567129,Schofield Generating Station S2,ULSD_SGS,0.0,147.332413,0.0
6330,18,1039.567129,Schofield Generating Station S3,ULSD_SGS,0.0,147.332413,0.0
6330,18,1039.567129,Schofield Generating Station S4,ULSD_SGS,0.0,147.332413,0.0
6330,18,1039.567129,Schofield Generating Station S5,ULSD_SGS,0.0,147.332413,0.0
6330,18,1039.567129,Schofield Generating Station S6,ULSD_SGS,0.0,147.332413,0.0
6330,18,1039.567129,Waiau W10,Diesel,0.0,222.342737,0.0
6330,18,1039.567129,Waiau W9,Diesel,0.0,222.342737,0.0
6330,18,1039.567129,Campbell Industrial Park CIP1,ULSD_CIP,0.0,237.972266,0.0
6331,19,1054.257588,H Power GEN1,Municipal solid waste,58.0,10.0,39187.561263999996
6331,19,1054.257588,H Power GEN2,Municipal solid waste,28.0,10.0,18918.133024
6331,19,1054.257588,Kalaeloa combined cycle,LSFO,220.0,96.054293,148108.81162
6331,19,1054.257588,Kahe K1,LSFO,77.9,126.396861,69160.6527203
6331,19,1054.257588,Kahe K2,LSFO,78.1,126.396861,69338.2153717
6331,19,1054.257588,Kahe K3,LSFO,82.1,126.396861,72889.4683997
6331,19,1054.257588,Kahe K4,LSFO,87.2,126.396861,77417.3160104
6331,19,1054.257588,Kahe K5,LSFO,128.1,126.396861,113728.8782217
6331,19,1054.257588,Kahe K6,LSFO,128.7,126.396861,114261.56617589999
6331,19,1054.257588,Waiau W3,LSFO,18.88,134.48258,17878.352676479997
6331,19,1054.257588,Waiau W4,LSFO,19.08,134.48258,18067.742005679997
6331,19,1054.257588,Waiau W5,LSFO,20.76,134.48258,19658.61237096
6331,19,1054.257588,Waiau W6,LSFO,20.72,134.48258,19620.73450512
6331,19,1054.257588,Waiau W7,LSFO,32.25758799999975,134.48258,30546.214764649612
6331,19,1054.257588,Waiau W8,LSFO,54.46,134.48258,51570.71434116
6331,19,1054.257588,Schofield Generating Station S1,ULSD_SGS,0.0,147.332413,0.0
6331,19,1054.257588,Schofield Generating Station S2,ULSD_SGS,0.0,147.332413,0.0
6331,19,1054.257588,Schofield Generating Station S3,ULSD_SGS,0.0,147.332413,0.0
6331,19,1054.257588,Schofield Generating Station S4,ULSD_SGS,0.0,147.332413,0.0
6331,19,1054.257588,Schofield Generating Station S5,ULSD_SGS,0.0,147.332413,0.0
6331,19,1054.257588,Schofield Generating Station S6,ULSD_SGS,0.0,147.332413,0.0
6331,19,1054.257588,Waiau W10,Diesel,0.0,222.342737,0.0
6331,19,1054.257588,Waiau W9,Diesel,0.0,222.342737,0.0
6331,19,1054.257588,Campbell Industrial Park CIP1,ULSD_CIP,0.0,237.972266,0.0
6332,20,1038.045154,H Power GEN1,Municipal solid waste,58.0,10.0,39187.561263999996
6332,20,1038.045154,H Power GEN2,Municipal solid waste,28.0,10.0,18918.133024
6332,20,1038.045154,Kalaeloa combined cycle,LSFO,220.0,96.054293,148108.81162
6332,20,1038.045154,Kahe K1,LSFO,77.9,126.396861,69160.6527203
6332,20,1038.045154,Kahe K2,LSFO,78.1,126.396861,69338.2153717
6332,20,1038.045154,Kahe K3,LSFO,82.1,126.396861,72889.4683997
6332,20,1038.045154,Kahe K4,LSFO,87.2,126.396861,77417.3160104
6332,20,1038.045154,Kahe K5,LSFO,128.1,126.396861,113728.8782217
6332,20,1038.045154,Kahe K6,LSFO,128.7,126.396861,114261.56617589999
6332,20,1038.045154,Waiau W3,LSFO,18.88,134.48258,17878.352676479997
6332,20,1038.045154,Waiau W4,LSFO,19.08,134.48258,18067.742005679997
6332,20,1038.045154,Waiau W5,LSFO,20.76,134.48258,19658.61237096
6332,20,1038.045154,Waiau W6,LSFO,28.98515399999974,134.48258,27447.394364093238
6332,20,1038.045154,Waiau W7,LSFO,31.12,134.48258,29468.97962352
6332,20,1038.045154,Waiau W8,LSFO,31.12,134.48258,29468.97962352
6332,20,1038.045154,Schofield Generating Station S1,ULSD_SGS,0.0,147.332413,0.0
6332,20,1038.045154,Schofield Generating Station S2,ULSD_SGS,0.0,147.332413,0.0
6332,20,1038.045154,Schofield Generating Station S3,ULSD_SGS,0.0,147.332413,0.0
6332,20,1038.045154,Schofield Generating Station S4,ULSD_SGS,0.0,147.332413,0.0
6332,20,1038.045154,Schofield Generating Station S5,ULSD_SGS,0.0,147.332413,0.0
6332,20,1038.045154,Schofield Generating Station S6,ULSD_SGS,0.0,147.332413,0.0
6332,20,1038.045154,Waiau W10,Diesel,0.0,222.342737,0.0
6332,20,1038.045154,Waiau W9,Diesel,0.0,222.342737,0.0
6332,20,1038.045154,Campbell Industrial Park CIP1,ULSD_CIP,0.0,237.972266,0.0
6333,21,992.577567,H Power GEN1,Municipal solid waste,58.0,10.0,39187.561263999996
6333,21,992.577567,H Power GEN2,Municipal solid waste,28.0,10.0,18918.133024
6333,21,992.577567,Kalaeloa combined cycle,LSFO,220.0,96.054293,148108.81162
6333,21,992.577567,Kahe K1,LSFO,77.9,126.396861,69160.6527203
6333,21,992.577567,Kahe K2,LSFO,54.669999999999995,126.396861,48536.75076019
6333,21,992.577567,Kahe K3,LSFO,82.1,126.396861,72889.4683997
6333,21,992.577567,Kahe K4,LSFO,87.2,126.396861,77417.3160104
6333,21,992.577567,Kahe K5,LSFO,114.3275669999999,126.396861,101501.52962315563
6333,21,992.577567,Kahe K6,LSFO,128.7,126.396861,114261.56617589999
6333,21,992.577567,Waiau W3,LSFO,18.88,134.48258,17878.352676479997
6333,21,992.577567,Waiau W4,LSFO,19.08,134.48258,18067.742005679997
6333,21,992.577567,Waiau W5,LSFO,20.76,134.48258,19658.61237096
6333,21,992.577567,Waiau W6,LSFO,20.72,134.48258,19620.73450512
6333,21,992.577567,Waiau W7,LSFO,31.12,134.48258,29468.97962352
6333,21,992.577567,Waiau W8,LSFO,31.12,134.48258,29468.97962352
6333,21,992.577567,Schofield Generating Station S1,ULSD_SGS,0.0,147.332413,0.0
6333,21,992.577567,Schofield Generating Station S2,ULSD_SGS,0.0,147.332413,0.0
6333,21,992.577567,Schofield Generating Station S3,ULSD_SGS,0.0,147.332413,0.0
6333,21,992.577567,Schofield Generating Station S4,ULSD_SGS,0.0,147.332413,0.0
6333,21,992.577567,Schofield Generating Station S5,ULSD_SGS,0.0,147.332413,0.0
6333,21,992.577567,Schofield Generating Station S6,ULSD_SGS,0.0,147.332413,0.0
6333,21,992.577567,Waiau W10,Diesel,0.0,222.342737,0.0
6333,21,992.577567,Waiau W9,Diesel,0.0,222.342737,0.0
6333,21,992.577567,Campbell Industrial Park CIP1,ULSD_CIP,0.0,237.972266,0.0
6334,22,940.590337,H Power GEN1,Municipal solid waste,58.0,10.0,39187.561263999996
6334,22,940.590337,H Power GEN2,Municipal solid waste,28.0,10.0,18918.133024
6334,22,940.590337,Kalaeloa combined cycle,LSFO,220.0,96.054293,148108.81162
6334,22,940.590337,Kahe K1,LSFO,61.73033699999981,126.396861,54805.01154767744
6334,22,940.590337,Kahe K2,LSFO,31.24,126.396861,27735.28614868
6334,22,940.590337,Kahe K3,LSFO,82.1,126.396861,72889.4683997
6334,22,940.590337,Kahe K4,LSFO,61.040000000000006,126.396861,54192.121207280004
6334,22,940.590337,Kahe K5,LSFO,128.1,126.396861,113728.8782217
6334,22,940.590337,Kahe K6,LSFO,128.7,126.396861,114261.56617589999
6334,22,940.590337,Waiau W3,LSFO,18.88,134.48258,17878.352676479997
6334,22,940.590337,Waiau W4,LSFO,19.08,134.48258,18067.742005679997
6334,22,940.590337,Waiau W5,LSFO,20.76,134.48258,19658.61237096
6334,22,940.590337,Waiau W6,LSFO,20.72,134.48258,19620.73450512
6334,22,940.590337,Waiau W7,LSFO,31.12,134.48258,29468.97962352
6334,22,940.590337,Waiau W8,LSFO,31.12,134.48258,29468.97962352
6334,22,940.590337,Schofield Generating Station S1,ULSD_SGS,0.0,147.332413,0.0
6334,22,940.590337,Schofield Generating Station S2,ULSD_SGS,0.0,147.332413,0.0
6334,22,940.590337,Schofield Generating Station S3,ULSD_SGS,0.0,147.332413,0.0
6334,22,940.590337,Schofield Generating Station S4,ULSD_SGS,0.0,147.332413,0.0
6334,22,940.590337,Schofield Generating Station S5,ULSD_SGS,0.0,147.332413,0.0
6334,22,940.590337,Schofield Generating Station S6,ULSD_SGS,0.0,147.332413,0.0
6334,22,940.590337,Waiau W10,Diesel,0.0,222.342737,0.0
6334,22,940.590337,Waiau W9,Diesel,0.0,222.342737,0.0
6334,22,940.590337,Campbell Industrial Park CIP1,ULSD_CIP,0.0,237.972266,0.0
6335,23,860.30791,H Power GEN1,Municipal solid waste,58.0,10.0,39187.561263999996
6335,23,860.30791,H Power GEN2,Municipal solid waste,28.0,10.0,18918.133024
6335,23,860.30791,Kalaeloa combined cycle,LSFO,220.0,96.054293,148108.81162
6335,23,860.30791,Kahe K1,LSFO,46.03790999999987,126.396861,40873.06682257276
6335,23,860.30791,Kahe K2,LSFO,31.24,126.396861,27735.28614868
6335,23,860.30791,Kahe K3,LSFO,82.1,126.396861,72889.4683997
6335,23,860.30791,Kahe K4,LSFO,34.88,126.396861,30966.926404160004
6335,23,860.30791,Kahe K5,LSFO,89.66999999999999,126.396861,79610.21475519
6335,23,860.30791,Kahe K6,LSFO,128.7,126.396861,114261.56617589999
6335,23,860.30791,Waiau W3,LSFO,18.88,134.48258,17878.352676479997
6335,23,860.30791,Waiau W4,LSFO,19.08,134.48258,18067.742005679997
6335,23,860.30791,Waiau W5,LSFO,20.76,134.48258,19658.61237096
6335,23,860.30791,Waiau W6,LSFO,20.72,134.48258,19620.73450512
6335,23,860.30791,Waiau W7,LSFO,31.12,134.48258,29468.97962352
6335,23,860.30791,Waiau W8,LSFO,31.12,134.48258,29468.97962352
6335,23,860.30791,Schofield Generating Station S1,ULSD_SGS,0.0,147.332413,0.0
6335,23,860.30791,Schofield Generating Station S2,ULSD_SGS,0.0,147.332413,0.0
6335,23,860.30791,Schofield Generating Station S3,ULSD_SGS,0.0,147.332413,0.0
6335,23,860.30791,Schofield Generating Station S4,ULSD_SGS,0.0,147.332413,0.0
6335,23,860.30791,Schofield Generating Station S5,ULSD_SGS,0.0,147.332413,0.0
6335,23,860.30791,Schofield Generating Station S6,ULSD_SGS,0.0,147.332413,0.0
6335,23,860.30791,Waiau W10,Diesel,0.0,222.342737,0.0
6335,23,860.30791,Waiau W9,Diesel,0.0,222.342737,0.0
6335,23,860.30791,Campbell Industrial Park CIP1,ULSD_CIP,0.0,237.972266,0.0
6336,24,785.29314,H Power GEN1,Municipal solid waste,58.0,10.0,39187.561263999996
6336,24,785.29314,H Power GEN2,Municipal solid waste,28.0,10.0,18918.133024
6336,24,785.29314,Kalaeloa combined cycle,LSFO,220.0,96.054293,148108.81162
6336,24,785.29314,Kahe K1,LSFO,31.16,126.396861,27664.26108812
6336,24,785.29314,Kahe K2,LSFO,31.24,126.396861,27735.28614868
6336,24,785.29314,Kahe K3,LSFO,57.47,126.396861,51022.62787979
6336,24,785.29314,Kahe K4,LSFO,37.8031399999999,126.396861,33562.128848226894
6336,24,785.29314,Kahe K5,LSFO,51.24,126.396861,45491.551288680006
6336,24,785.29314,Kahe K6,LSFO,128.7,126.396861,114261.56617589999
6336,24,785.29314,Waiau W3,LSFO,18.88,134.48258,17878.352676479997
6336,24,785.29314,Waiau W4,LSFO,19.08,134.48258,18067.742005679997
6336,24,785.29314,Waiau W5,LSFO,20.76,134.48258,19658.61237096
6336,24,785.29314,Waiau W6,LSFO,20.72,134.48258,19620.73450512
6336,24,785.29314,Waiau W7,LSFO,31.12,134.48258,29468.97962352
6336,24,785.29314,Waiau W8,LSFO,31.12,134.48258,29468.97962352
6336,24,785.29314,Schofield Generating Station S1,ULSD_SGS,0.0,147.332413,0.0
6336,24,785.29314,Schofield Generating Station S2,ULSD_SGS,0.0,147.332413,0.0
6336,24,785.29314,Schofield Generating Station S3,ULSD_SGS,0.0,147.332413,0.0
6336,24,785.29314,Schofield Generating Station S4,ULSD_SGS,0.0,147.332413,0.0
6336,24,785.29314,Schofield Generating Station S5,ULSD_SGS,0.0,147.332413,0.0
6336,24,785.29314,Schofield Generating Station S6,ULSD_SGS,0.0,147.332413,0.0
6336,24,785.29314,Waiau W10,Diesel,0.0,222.342737,0.0
6336,24,785.29314,Waiau W9,Diesel,0.0,222.342737,0.0
6336,24,785.29314,Campbell Industrial Park CIP1,ULSD_CIP,0.0,237.972266,0.0
