bus,district,population_2020,latitude,longitude,load_share,coordinate_source,population_source,load_share_source
Honolulu,Honolulu,405295,21.311894,-157.82937,0.398713,population-weighted 2020 census-tract centroid (TIGERweb),U.S. Census 2020 P.L. 94-171 via TIGERweb county subdivisions,assumed: island net load allocated by resident population
Ewa-Central,Ewa,330732,21.385327,-157.994153,0.325361,population-weighted 2020 census-tract centroid (TIGERweb),U.S. Census 2020 P.L. 94-171 via TIGERweb county subdivisions,assumed: Ewa CCD split at -158.075 W by census tract; Kahe modeled as a pure generation node
Koolaupoko,Koolaupoko,121275,21.404854,-157.771202,0.119306,population-weighted 2020 census-tract centroid (TIGERweb),U.S. Census 2020 P.L. 94-171 via TIGERweb county subdivisions,assumed: island net load allocated by resident population
Waianae,Waianae,51965,21.439751,-158.172466,0.051121,population-weighted 2020 census-tract centroid (TIGERweb),U.S. Census 2020 P.L. 94-171 via TIGERweb county subdivisions,assumed: island net load allocated by resident population
Wahiawa,Wahiawa,41667,21.498497,-158.026739,0.04099,population-weighted 2020 census-tract centroid (TIGERweb),U.S. Census 2020 P.L. 94-171 via TIGERweb county subdivisions,assumed: island net load allocated by resident population
Ewa-West,Ewa,30109,21.370787,-158.087233,0.02962,population-weighted 2020 census-tract centroid (TIGERweb),U.S. Census 2020 P.L. 94-171 via TIGERweb county subdivisions,assumed: Ewa CCD split at -158.075 W by census tract; Kahe modeled as a pure generation node
Koolauloa,Koolauloa,21899,21.616414,-157.960941,0.021543,population-weighted 2020 census-tract centroid (TIGERweb),U.S. Census 2020 P.L. 94-171 via TIGERweb county subdivisions,assumed: island net load allocated by resident population
Waialua,Waialua,13566,21.575173,-158.109169,0.013346,population-weighted 2020 census-tract centroid (TIGERweb),U.S. Census 2020 P.L. 94-171 via TIGERweb county subdivisions,assumed: island net load allocated by resident population
Kahe,Ewa,0,21.356395,-158.128853,0.0,EIA-860 2024 plant coordinate,U.S. Census 2020 P.L. 94-171 via TIGERweb county subdivisions,assumed: Ewa CCD split at -158.075 W by census tract; Kahe modeled as a pure generation node
