bus,load_share_v2,load_share_v1_population,population_2020,jobs_commercial,jobs_industrial,f_res,f_com,f_ind,source
Honolulu,0.568902,0.398713,405295,253395,31840,0.2675,0.3112,0.4213,"v2: EIA-861 2021 HI sector sales weights applied to Census 2020 population (residential) and LEHD LODES8 2021 WAC workplace jobs (commercial, industrial); Ewa split by tract centroid at -158.075 W. Excludes uniformed military."
Ewa-Central,0.250864,0.325361,330732,52195,15936,0.2675,0.3112,0.4213,"v2: EIA-861 2021 HI sector sales weights applied to Census 2020 population (residential) and LEHD LODES8 2021 WAC workplace jobs (commercial, industrial); Ewa split by tract centroid at -158.075 W. Excludes uniformed military."
Koolaupoko,0.068261,0.119306,121275,18194,2718,0.2675,0.3112,0.4213,"v2: EIA-861 2021 HI sector sales weights applied to Census 2020 population (residential) and LEHD LODES8 2021 WAC workplace jobs (commercial, industrial); Ewa split by tract centroid at -158.075 W. Excludes uniformed military."
Waianae,0.020533,0.051121,51965,3125,551,0.2675,0.3112,0.4213,"v2: EIA-861 2021 HI sector sales weights applied to Census 2020 population (residential) and LEHD LODES8 2021 WAC workplace jobs (commercial, industrial); Ewa split by tract centroid at -158.075 W. Excludes uniformed military."
Wahiawa,0.020791,0.040990,41667,4359,804,0.2675,0.3112,0.4213,"v2: EIA-861 2021 HI sector sales weights applied to Census 2020 population (residential) and LEHD LODES8 2021 WAC workplace jobs (commercial, industrial); Ewa split by tract centroid at -158.075 W. Excludes uniformed military."
Ewa-West,0.047252,0.029620,30109,7348,4466,0.2675,0.3112,0.4213,"v2: EIA-861 2021 HI sector sales weights applied to Census 2020 population (residential) and LEHD LODES8 2021 WAC workplace jobs (commercial, industrial); Ewa split by tract centroid at -158.075 W. Excludes uniformed military."
Koolauloa,0.012120,0.021543,21899,3485,438,0.2675,0.3112,0.4213,"v2: EIA-861 2021 HI sector sales weights applied to Census 2020 population (residential) and LEHD LODES8 2021 WAC workplace jobs (commercial, industrial); Ewa split by tract centroid at -158.075 W. Excludes uniformed military."
Waialua,0.011278,0.013346,13566,1847,825,0.2675,0.3112,0.4213,"v2: EIA-861 2021 HI sector sales weights applied to Census 2020 population (residential) and LEHD LODES8 2021 WAC workplace jobs (commercial, industrial); Ewa split by tract centroid at -158.075 W. Excludes uniformed military."
Kahe,0.000000,0.000000,0,0,0,0.2675,0.3112,0.4213,"v2: EIA-861 2021 HI sector sales weights applied to Census 2020 population (residential) and LEHD LODES8 2021 WAC workplace jobs (commercial, industrial); Ewa split by tract centroid at -158.075 W. Excludes uniformed military."
